playerID,yearID,stint,teamID,lgID,G_batting,R,runsPerGame
alvorbi01,1889,1,KC2,AA,50,23,0.4600
anderda01,1889,1,PHI,NL,5,1,0.2000
anderva01,1889,1,IN3,NL,2,0,0.0000
andreed01,1889,1,PHI,NL,10,10,1.0000
andreed01,1889,2,IN3,NL,40,32,0.8000
ansonca01,1889,1,CHN,NL,134,100,0.7463
bakelje01,1889,1,CL4,NL,36,9,0.2500
baldwki01,1889,1,CN2,AA,60,34,0.5667
baldwma01,1889,1,CL6,AA,64,19,0.2969
banniji01,1889,1,WS8,NL,2,0,0.0000
barklsa01,1889,1,KC2,AA,45,36,0.8000
bassech01,1889,1,IN3,NL,127,64,0.5039
bastich01,1889,1,CHN,NL,46,19,0.4130
batesjo01,1889,1,KC2,AA,1,0,0.0000
bausege01,1889,1,PH4,AA,7,1,0.1429
beamal01,1889,1,PIT,NL,2,0,0.0000
beardol01,1889,1,CN2,AA,141,96,0.6809
beatied01,1889,1,CL4,NL,37,13,0.3514
becklja01,1889,1,PIT,NL,123,91,0.7398
beeched01,1889,1,WS8,NL,42,20,0.4762
bellch01,1889,1,KC2,AA,2,1,0.5000
bellmja01,1889,1,SL4,AA,1,1,1.0000
bennech01,1889,1,BSN,NL,82,42,0.5122
bierblo01,1889,1,PH4,AA,130,80,0.6154
bishobi01,1889,1,CHN,NL,2,0,0.0000
bittmre01,1889,1,KC2,AA,4,2,0.5000
blighne01,1889,1,CL6,AA,28,6,0.2143
boylehe01,1889,1,IN3,NL,46,17,0.3696
boyleja01,1889,1,SL4,AA,99,54,0.5455
brennji01,1889,1,PH4,AA,31,12,0.3871
broutda01,1889,1,BSN,NL,126,105,0.8333
brownpe01,1889,1,LS2,AA,83,39,0.4699
brownto01,1889,1,BSN,NL,90,93,1.0333
brownwi01,1889,1,NY1,NL,40,16,0.4000
buckldi01,1889,1,IN3,NL,68,35,0.5147
buffich01,1889,1,PHI,NL,47,16,0.3404
burdibi01,1889,1,IN3,NL,10,1,0.1000
burnsji01,1889,1,KC2,AA,134,103,0.7687
burnsoy01,1889,1,BR3,AA,131,105,0.8015
burnsto01,1889,1,CHN,NL,136,64,0.4706
bushodo01,1889,1,BR3,AA,25,15,0.6000
cantzba01,1889,1,BL2,AA,20,6,0.3000
carlfr01,1889,1,LS2,AA,25,13,0.5200
carnejo01,1889,1,WS8,NL,69,25,0.3623
carpehi01,1889,1,CN2,AA,123,67,0.5447
carrofr01,1889,1,PIT,NL,91,80,0.8791
carutbo01,1889,1,BR3,AA,59,45,0.7627
caseyda01,1889,1,PHI,NL,20,5,0.2500
chambel01,1889,1,SL4,AA,53,18,0.3396
clarkbo01,1889,1,BR3,AA,53,32,0.6038
clarkha01,1889,1,WS8,NL,1,0,0.0000
clarkjo01,1889,1,BSN,NL,73,36,0.4932
clarksp01,1889,1,WS8,NL,38,19,0.5000
clemeja01,1889,1,PHI,NL,78,51,0.6538
colemjo01,1889,1,PH4,AA,6,1,0.1667
collibi01,1889,1,PH4,AA,1,0,0.0000
collihu01,1889,1,BR3,AA,138,139,1.0072
comisch01,1889,1,SL4,AA,137,105,0.7664
connoro01,1889,1,NY1,NL,131,117,0.8931
conovte01,1889,1,CN2,AA,1,0,0.0000
conwaji01,1889,1,KC2,AA,41,14,0.3415
conwape01,1889,1,PIT,NL,3,2,0.6667
cookpa01,1889,1,LS2,AA,81,34,0.4198
corkhpo01,1889,1,BR3,AA,138,91,0.6594
craneed01,1889,1,NY1,NL,29,16,0.5517
crookja01,1889,1,CL6,AA,12,13,1.0833
crossla01,1889,1,PH4,AA,55,22,0.4000
cunnibe01,1889,1,BL2,AA,41,10,0.2439
dailyco01,1889,1,IN3,NL,62,35,0.5645
dailyed01,1889,1,CL6,AA,136,105,0.7721
daleybi01,1889,1,BSN,NL,9,2,0.2222
dalyto01,1889,1,WS8,NL,71,39,0.5493
darlide01,1889,1,CHN,NL,36,14,0.3889
davisju01,1889,1,KC2,AA,62,40,0.6452
davisju01,1889,2,SL4,AA,2,1,0.5000
daybi01,1889,1,PHI,NL,4,0,0.0000
deckeha01,1889,1,PHI,NL,11,4,0.3636
delahed01,1889,1,PHI,NL,56,37,0.6607
dennyje01,1889,1,IN3,NL,133,96,0.7218
devliji02,1889,1,SL4,AA,9,4,0.4444
donahji01,1889,1,KC2,AA,67,30,0.4478
donneji01,1889,1,WS8,NL,4,3,0.7500
dowiejo01,1889,1,BL2,AA,20,12,0.6000
doyleja01,1889,1,CL6,AA,11,6,0.5455
duffech01,1889,1,SL4,AA,137,93,0.6788
duffyhu01,1889,1,CHN,NL,136,144,1.0588
dunlafr01,1889,1,PIT,NL,121,59,0.4876
dunnian01,1889,1,PIT,NL,2,0,0.0000
duryeje01,1889,1,CN2,AA,54,37,0.6852
dwyerfr01,1889,1,CHN,NL,36,14,0.3889
earlebi01,1889,1,CN2,AA,53,37,0.6981
eastehe01,1889,1,CL6,AA,95,43,0.4526
eastoja01,1889,1,CL6,AA,4,0,0.0000
ebrighi01,1889,1,WS8,NL,16,7,0.4375
ehretre01,1889,1,LS2,AA,67,27,0.4030
esterdu01,1889,1,LS2,AA,11,8,0.7273
ewingbu01,1889,1,NY1,NL,99,91,0.9192
ewingjo01,1889,1,LS2,AA,41,12,0.2927
faatzja01,1889,1,CL4,NL,117,50,0.4274
fannija01,1889,1,IN3,NL,1,0,0.0000
farrasi01,1889,1,PHI,NL,130,70,0.5385
farredu01,1889,1,CHN,NL,101,66,0.6535
farreja02,1889,1,BL2,AA,42,25,0.5952
feeja01,1889,1,IN3,NL,7,2,0.2857
fennefr01,1889,1,PH4,AA,138,70,0.5072
fersoal01,1889,1,WS8,NL,36,6,0.1667
fieldjo01,1889,1,PIT,NL,75,41,0.5467
fishech03,1889,1,LS2,AA,1,0,0.0000
flanaed01,1889,1,LS2,AA,23,11,0.4783
flintsi01,1889,1,CHN,NL,15,6,0.4000
fogarji01,1889,1,PHI,NL,128,107,0.8359
foremfr01,1889,1,BL2,AA,54,18,0.3333
fosteel01,1889,1,NY1,NL,2,2,1.0000
foutzda01,1889,1,BR3,AA,138,118,0.8551
fullesh01,1889,1,SL4,AA,140,91,0.6500
fulmech02,1889,1,BL2,AA,16,11,0.6875
galliji01,1889,1,LS2,AA,31,6,0.1935
galvipu01,1889,1,PIT,NL,41,15,0.3659
ganzech01,1889,1,BSN,NL,73,30,0.4110
garfibi01,1889,1,PIT,NL,4,0,0.0000
gastrha01,1889,1,CL6,AA,32,5,0.1563
gaulemi01,1889,1,LS2,AA,1,0,0.0000
georgbi01,1889,1,NY1,NL,3,1,0.3333
georgbi01,1889,2,CL6,AA,5,1,0.2000
gettito01,1889,1,SL4,AA,4,2,0.5000
getzich01,1889,1,IN3,NL,45,20,0.4444
gilksbo01,1889,1,CL4,NL,53,17,0.3208
gillji01,1889,1,SL4,AA,2,2,1.0000
glassja01,1889,1,IN3,NL,134,128,0.9552
gleasbi01,1889,1,LS2,AA,16,6,0.3750
gleaski01,1889,1,PHI,NL,30,11,0.3667
goetzge01,1889,1,BL2,AA,1,0,0.0000
gorege01,1889,1,NY1,NL,120,132,1.1000
grahaba01,1889,1,PH4,AA,4,0,0.0000
greenbi01,1889,1,CL6,AA,118,62,0.5254
griffmi01,1889,1,BL2,AA,137,152,1.1095
grubehe01,1889,1,CL4,NL,25,7,0.2800
gumbead01,1889,1,CHN,NL,41,30,0.7317
gunnito01,1889,1,PH4,AA,8,3,0.3750
gunsojo01,1889,1,KC2,AA,34,15,0.4412
haddoge01,1889,1,WS8,NL,34,13,0.3824
hallmbi01,1889,1,PHI,NL,119,67,0.5630
hamilbi01,1889,1,KC2,AA,137,144,1.0511
hanlone01,1889,1,PIT,NL,116,81,0.6983
hatfigi01,1889,1,NY1,NL,32,21,0.6563
healyjo01,1889,1,WS8,NL,13,7,0.5385
healyjo01,1889,2,CHN,NL,5,2,0.4000
heckegu01,1889,1,LS2,AA,81,42,0.5185
hinespa01,1889,1,IN3,NL,121,77,0.6364
hollawi01,1889,1,BL2,AA,40,13,0.3250
hollibu01,1889,1,CN2,AA,135,107,0.7926
hoovech01,1889,1,KC2,AA,71,44,0.6197
hornujo01,1889,1,BL2,AA,135,73,0.5407
hoydu01,1889,1,WS8,NL,127,98,0.7717
hudsona01,1889,1,SL4,AA,13,6,0.4615
hughemi01,1889,1,BR3,AA,20,4,0.2000
hurleje01,1889,1,BSN,NL,1,0,0.0000
hutchbi01,1889,1,CHN,NL,37,14,0.3784
irwinar01,1889,1,PHI,NL,18,9,0.5000
irwinar01,1889,2,WS8,NL,85,49,0.5765
irwinjo01,1889,1,WS8,NL,58,42,0.7241
johnsdi01,1889,1,BSN,NL,132,80,0.6061
johnssp01,1889,1,CL6,AA,116,91,0.7845
jonesal01,1889,1,PIT,NL,1,1,1.0000
kappehe01,1889,1,CL6,AA,46,25,0.5435
keefege01,1889,1,WS8,NL,30,7,0.2333
keefeti01,1889,1,NY1,NL,47,17,0.3617
keenaji01,1889,1,CN2,AA,87,52,0.5977
kellyki01,1889,1,BSN,NL,125,120,0.9600
kemmlru01,1889,1,CL6,AA,8,2,0.2500
kerinjo01,1889,1,LS2,AA,2,2,1.0000
kerinjo01,1889,2,BL2,AA,16,7,0.4375
kilroma01,1889,1,BL2,AA,65,32,0.4923
kingsi01,1889,1,SL4,AA,56,37,0.6607
knoufed01,1889,1,PH4,AA,3,2,0.6667
krockgu01,1889,1,CHN,NL,7,4,0.5714
krockgu01,1889,2,IN3,NL,4,2,0.5000
krockgu01,1889,3,WS8,NL,6,3,0.5000
krummal01,1889,1,PIT,NL,1,0,0.0000
kuehnbi01,1889,1,PIT,NL,97,43,0.4433
ladewst01,1889,1,KC2,AA,2,0,0.0000
larkihe01,1889,1,PH4,AA,133,105,0.7895
lathaar01,1889,1,SL4,AA,118,110,0.9322
lauerch01,1889,1,PIT,NL,4,2,0.5000
longhe01,1889,1,KC2,AA,136,137,1.0074
lovetto01,1889,1,BR3,AA,29,18,0.6207
lyonsde01,1889,1,PH4,AA,131,135,1.0305
lyonsha01,1889,1,NY1,NL,5,1,0.2000
mackco01,1889,1,WS8,NL,98,51,0.5204
mackre01,1889,1,BL2,AA,136,84,0.6176
maddeki01,1889,1,BSN,NL,24,7,0.2917
manniji01,1889,1,KC2,AA,132,68,0.5152
marrle01,1889,1,CL6,AA,139,110,0.7914
mattimi01,1889,1,PH4,AA,23,10,0.4348
mattimi01,1889,2,KC2,AA,19,6,0.3158
maulal01,1889,1,PIT,NL,68,37,0.5441
maysal01,1889,1,CL6,AA,21,4,0.1905
mcaleji01,1889,1,CL4,NL,110,66,0.6000
mccafsp01,1889,1,CL6,AA,2,1,0.5000
mccarjo01,1889,1,KC2,AA,20,12,0.6000
mccarto01,1889,1,SL4,AA,140,136,0.9714
mccoyar01,1889,1,WS8,NL,2,0,0.0000
mcdermi01,1889,1,LS2,AA,9,7,0.7778
mcgarch01,1889,1,KC2,AA,25,22,0.8800
mcgarch01,1889,2,BL2,AA,3,1,0.3333
mcgeaja01,1889,1,IN3,NL,131,83,0.6336
mckeaed01,1889,1,CL4,NL,123,88,0.7154
mcmahsa01,1889,1,PH4,AA,30,9,0.3000
mcphebi01,1889,1,CN2,AA,135,109,0.8074
mctamji01,1889,1,CL6,AA,139,113,0.8129
meekda01,1889,1,SL4,AA,2,2,1.0000
milledo01,1889,1,PIT,NL,104,77,0.7404
milledu01,1889,1,BL2,AA,11,4,0.3636
millijo01,1889,1,SL4,AA,72,53,0.7361
morried01,1889,1,PIT,NL,21,2,0.0952
morrijo01,1889,1,WS8,NL,44,20,0.4545
mullato01,1889,1,CN2,AA,63,53,0.8413
mulvejo01,1889,1,PHI,NL,129,77,0.5969
murphpa01,1889,1,NY1,NL,9,5,0.5556
myersal01,1889,1,WS8,NL,46,24,0.5217
myersal01,1889,2,PHI,NL,75,52,0.6933
myersge01,1889,1,IN3,NL,43,22,0.5116
nashbi01,1889,1,BSN,NL,128,84,0.6563
nicolhu01,1889,1,CN2,AA,122,82,0.6721
obriebi01,1889,1,WS8,NL,2,1,0.5000
obrieda01,1889,1,BR3,AA,136,146,1.0735
obrieda02,1889,1,CL4,NL,41,13,0.3171
oconnja01,1889,1,CL6,AA,107,69,0.6449
odayha01,1889,1,WS8,NL,13,1,0.0769
odayha01,1889,2,NY1,NL,10,5,0.5000
oneilti01,1889,1,SL4,AA,134,123,0.9179
orourji01,1889,1,NY1,NL,128,89,0.6953
orrda01,1889,1,CL6,AA,134,70,0.5224
pearsfr01,1889,1,KC2,AA,3,0,0.0000
peoplji01,1889,1,CL6,AA,29,13,0.4483
pettych01,1889,1,CN2,AA,5,3,0.6000
pfefffr01,1889,1,CHN,NL,134,85,0.6343
pickejo01,1889,1,KC2,AA,53,20,0.3774
pinknge01,1889,1,BR3,AA,138,103,0.7464
portehe01,1889,1,KC2,AA,4,0,0.0000
purcebl01,1889,1,PH4,AA,129,72,0.5581
quinnjo02,1889,1,BSN,NL,112,57,0.5089
quinnto01,1889,1,BL2,AA,55,18,0.3273
radboch01,1889,1,BSN,NL,35,17,0.4857
radfopa01,1889,1,CL4,NL,136,94,0.6912
ramseto01,1889,1,LS2,AA,18,3,0.1667
ramseto01,1889,2,SL4,AA,5,2,0.4000
rayir01,1889,1,BSN,NL,9,8,0.8889
rayir01,1889,2,BL2,AA,26,20,0.7692
raymoha01,1889,1,LS2,AA,130,58,0.4462
reillch02,1889,1,CL6,AA,6,5,0.8333
reilljo01,1889,1,CN2,AA,111,84,0.7568
reynoch02,1889,1,KC2,AA,1,1,1.0000
reynoch02,1889,2,BR3,AA,12,5,0.4167
richada01,1889,1,NY1,NL,125,88,0.7040
richaha01,1889,1,BSN,NL,132,122,0.9242
riddljo01,1889,1,WS8,NL,11,3,0.2727
robinbi01,1889,1,LS2,AA,1,2,2.0000
robinwi01,1889,1,PH4,AA,69,31,0.4493
robinya01,1889,1,SL4,AA,132,97,0.7348
roweja01,1889,1,PIT,NL,75,57,0.7600
rusieam01,1889,1,IN3,NL,33,15,0.4545
ryanja01,1889,1,LS2,AA,21,8,0.3810
ryanji01,1889,1,CHN,NL,135,140,1.0370
sandebe01,1889,1,PHI,NL,44,21,0.4773
scherha01,1889,1,LS2,AA,1,0,0.0000
schoeju01,1889,1,IN3,NL,16,3,0.1875
schripo01,1889,1,PHI,NL,55,24,0.4364
seeryem01,1889,1,IN3,NL,127,123,0.9685
sewared01,1889,1,PH4,AA,46,22,0.4783
shannda01,1889,1,LS2,AA,121,90,0.7438
shindbi01,1889,1,BL2,AA,138,122,0.8841
shochge01,1889,1,WS8,NL,30,12,0.4000
shrevle01,1889,1,IN3,NL,3,1,0.3333
slattmi01,1889,1,NY1,NL,12,7,0.5833
smithel01,1889,1,CN2,AA,29,12,0.4138
smithge01,1889,1,BR3,AA,121,89,0.7355
smithha01,1889,1,LS2,AA,1,0,0.0000
smithph01,1889,1,PH4,AA,5,3,0.6000
smithpo01,1889,1,PIT,NL,72,26,0.3611
smithpo01,1889,2,BSN,NL,59,21,0.3559
snydepo01,1889,1,CL4,NL,22,5,0.2273
sommejo01,1889,1,BL2,AA,106,51,0.4811
sommepe01,1889,1,CHN,NL,12,5,0.4167
sommepe01,1889,2,IN3,NL,23,12,0.5217
sowdebi01,1889,1,BSN,NL,7,2,0.2857
sowdebi01,1889,2,PIT,NL,15,4,0.2667
sowdejo01,1889,1,KC2,AA,28,11,0.3929
spragch01,1889,1,CL4,NL,2,2,1.0000
sprined01,1889,1,LS2,AA,1,0,0.0000
staleha01,1889,1,PIT,NL,51,11,0.2157
stearec01,1889,1,KC2,AA,139,96,0.6906
stiveja01,1889,1,SL4,AA,27,12,0.4444
stoveha01,1889,1,PH4,AA,137,152,1.1095
stratsc01,1889,1,LS2,AA,62,30,0.4839
striccu01,1889,1,CL4,NL,136,83,0.6103
sullima01,1889,1,IN3,NL,69,45,0.6522
sullimi02,1889,1,WS8,NL,9,2,0.2222
sullito01,1889,1,KC2,AA,10,8,0.8000
sundabi01,1889,1,PIT,NL,81,62,0.7654
sutclsy01,1889,1,CL4,NL,46,17,0.3696
swartpa01,1889,1,KC2,AA,51,19,0.3725
sweenpe01,1889,1,WS8,NL,49,13,0.2653
sweenpe01,1889,2,SL4,AA,9,8,0.8889
tatepo01,1889,1,BL2,AA,72,28,0.3889
tebeage01,1889,1,CN2,AA,135,110,0.8148
tebeapa01,1889,1,CL4,NL,136,72,0.5294
tenerjo01,1889,1,CHN,NL,42,18,0.4286
terryad01,1889,1,BR3,AA,49,29,0.5918
thompsa01,1889,1,PHI,NL,128,103,0.8047
thornjo01,1889,1,WS8,NL,1,0,0.0000
tiernmi01,1889,1,NY1,NL,122,147,1.2049
titcoca01,1889,1,NY1,NL,3,2,0.6667
tomneph01,1889,1,LS2,AA,112,61,0.5446
traffjo01,1889,1,LS2,AA,1,0,0.0000
tucketo01,1889,1,BL2,AA,134,103,0.7687
twitcla01,1889,1,CL4,NL,134,73,0.5448
vanhage01,1889,1,CHN,NL,134,126,0.9403
vaughfa01,1889,1,LS2,AA,90,39,0.4333
viaule01,1889,1,CN2,AA,47,14,0.2979
visnejo01,1889,1,BR3,AA,80,56,0.7000
wardjo01,1889,1,NY1,NL,114,87,0.7632
wardpi01,1889,1,PHI,NL,7,0,0.0000
weavefa01,1889,1,LS2,AA,124,62,0.5000
weckbpe01,1889,1,IN3,NL,1,0,0.0000
welchcu01,1889,1,PH4,AA,125,134,1.0720
welchmi01,1889,1,NY1,NL,45,20,0.4444
weyhigu01,1889,1,PH4,AA,54,16,0.2963
weyhijo01,1889,1,CL6,AA,1,0,0.0000
whitapa01,1889,1,BL2,AA,1,0,0.0000
whitede01,1889,1,PIT,NL,55,35,0.6364
whitnar01,1889,1,NY1,NL,129,71,0.5504
whitnji01,1889,1,IN3,NL,10,6,0.6000
widnewi01,1889,1,CL6,AA,41,16,0.3902
willine01,1889,1,CHN,NL,47,16,0.3404
wilmowa01,1889,1,WS8,NL,108,88,0.8148
wisesa01,1889,1,WS8,NL,121,79,0.6529
wolfji01,1889,1,LS2,AA,130,72,0.5538
woodge01,1889,1,PHI,NL,97,77,0.7938
woodge01,1889,2,BL2,AA,3,1,0.3333
woodpe01,1889,1,PHI,NL,3,0,0.0000
zimmech01,1889,1,CL4,NL,84,47,0.5595
abbotda01,1890,1,TL2,AA,3,0,0.0000
adamsji01,1890,1,SL4,AA,1,0,0.0000
allenbo01,1890,1,PHI,NL,133,69,0.5188
alvorbi01,1890,1,TL2,AA,116,69,0.5948
anderda01,1890,1,PHI,NL,3,1,0.3333
anderda01,1890,2,PIT,NL,13,4,0.3077
andreed01,1890,1,BRP,PL,94,84,0.8936
andreji01,1890,1,CHN,NL,53,32,0.6038
ansonca01,1890,1,CHN,NL,139,95,0.6835
ardnejo01,1890,1,CL4,NL,84,28,0.3333
bakelje01,1890,1,CLP,PL,43,10,0.2326
bakerki01,1890,1,PIT,NL,26,6,0.2308
bakerno01,1890,1,BL3,AA,2,0,0.0000
baldwki01,1890,1,CIN,NL,22,5,0.2273
baldwki01,1890,2,PH4,AA,24,5,0.2083
baldwla01,1890,1,BRO,NL,2,1,0.5000
baldwla01,1890,2,BFP,PL,7,4,0.5714
baldwma01,1890,1,CHP,PL,58,27,0.4655
barrbo01,1890,1,RC2,AA,57,22,0.3860
bartsch01,1890,1,CHP,PL,26,7,0.2692
bassech01,1890,1,NY1,NL,100,52,0.5200
bastich01,1890,1,CHP,PL,80,38,0.4750
battijo01,1890,1,SR2,AA,29,15,0.5172
beardol01,1890,1,CIN,NL,122,64,0.5246
beatied01,1890,1,CL4,NL,54,25,0.4630
becklja01,1890,1,PTP,PL,121,109,0.9008
beeched01,1890,1,BFP,PL,126,69,0.5476
bennech01,1890,1,BSN,NL,85,59,0.6941
bergetu01,1890,1,PIT,NL,104,64,0.6154
bierblo01,1890,1,BRP,PL,133,128,0.9624
blauvhe01,1890,1,RC2,AA,2,3,1.5000
blighne01,1890,1,CL6,AA,8,2,0.2500
blighne01,1890,2,LS2,AA,24,9,0.3750
bowesfr01,1890,1,BR4,AA,61,28,0.4590
bowmasu01,1890,1,PHI,NL,1,0,0.0000
bowmasu01,1890,2,PIT,NL,10,7,0.7000
boyleja01,1890,1,CHP,PL,100,56,0.5600
brennji01,1890,1,CLP,PL,59,32,0.5424
brigggr01,1890,1,SR2,AA,86,44,0.5116
brodist01,1890,1,BSN,NL,132,77,0.5833
broutda01,1890,1,BSP,PL,123,117,0.9512
brownpe01,1890,1,CLP,PL,118,112,0.9492
brownto01,1890,1,BSP,PL,128,146,1.1406
brownwi01,1890,1,NYP,PL,60,47,0.7833
buckldi01,1890,1,NY1,NL,70,39,0.5571
buckljo01,1890,1,BFP,PL,4,1,0.2500
budd01,1890,1,CLP,PL,1,0,0.0000
buffich01,1890,1,PHP,PL,42,24,0.5714
burkeda01,1890,1,RC2,AA,32,14,0.4375
burkeda01,1890,2,SR2,AA,9,1,0.1111
burkeed01,1890,1,PHI,NL,100,85,0.8500
burkeed01,1890,2,PIT,NL,31,17,0.5484
burkeje01,1890,1,NY1,NL,101,67,0.6634
burkejo01,1890,1,SL4,AA,2,3,1.5000
burnsoy01,1890,1,BRO,NL,119,102,0.8571
burnsto01,1890,1,CHN,NL,139,86,0.6187
bushodo01,1890,1,BRO,NL,16,5,0.3125
calihwi01,1890,1,RC2,AA,48,16,0.3333
campaco01,1890,1,SL4,AA,75,68,0.9067
campbsa01,1890,1,PH4,AA,2,0,0.0000
cantzba01,1890,1,PH4,AA,5,1,0.2000
carfred01,1890,1,PH4,AA,1,0,0.0000
carmage01,1890,1,PH4,AA,28,9,0.3214
carnejo01,1890,1,BFP,PL,28,11,0.3929
carnejo01,1890,2,CLP,PL,25,15,0.6000
carrocl01,1890,1,CHN,NL,136,134,0.9853
carrofr01,1890,1,PTP,PL,111,95,0.8559
cartwed01,1890,1,SL4,AA,75,70,0.9333
carutbo01,1890,1,BRO,NL,71,46,0.6479
caseyda01,1890,1,SR2,AA,46,11,0.2391
chambel01,1890,1,SL4,AA,5,1,0.2000
chambel01,1890,2,CL6,AA,25,8,0.3200
childcu01,1890,1,SR2,AA,126,109,0.8651
churchi01,1890,1,BR4,AA,3,1,0.3333
clarkar01,1890,1,NY1,NL,101,55,0.5446
clarkbo01,1890,1,BRO,NL,43,24,0.5581
clarkjo01,1890,1,BSN,NL,45,18,0.4000
clarksp01,1890,1,BFP,PL,69,45,0.6522
clemeed01,1890,1,PIT,NL,1,0,0.0000
clemeja01,1890,1,PHI,NL,97,64,0.6598
clingbi01,1890,1,CIN,NL,7,2,0.2857
colemjo01,1890,1,PIT,NL,3,1,0.3333
colemjo02,1890,1,PHI,NL,1,0,0.0000
collibi01,1890,1,PH4,AA,1,0,0.0000
collihu01,1890,1,BRO,NL,129,148,1.1473
comisch01,1890,1,CHP,PL,88,53,0.6023
connepe01,1890,1,BR4,AA,11,7,0.6364
connoro01,1890,1,NYP,PL,123,133,1.0813
conrobe01,1890,1,PH4,AA,117,45,0.3846
cookpa01,1890,1,BRP,PL,58,32,0.5517
cooneji01,1890,1,CHN,NL,135,114,0.8444
corcoto01,1890,1,PTP,PL,123,80,0.6504
corkhpo01,1890,1,BRO,NL,51,23,0.4510
cotteda01,1890,1,BFP,PL,1,0,0.0000
coughro01,1890,1,CHN,NL,11,5,0.4545
craneed01,1890,1,NYP,PL,43,27,0.6279
cranesa01,1890,1,NY1,NL,2,0,0.0000
cranesa01,1890,2,PIT,NL,22,3,0.1364
cranesa01,1890,3,NY1,NL,2,0,0.0000
crawfge01,1890,1,PH4,AA,5,1,0.2000
creelgu01,1890,1,SL4,AA,4,0,0.0000
crookja01,1890,1,CL6,AA,135,86,0.6370
crossla01,1890,1,PHP,PL,63,42,0.6667
cunnibe01,1890,1,PHP,PL,15,6,0.4000
cunnibe01,1890,2,BFP,PL,28,11,0.3929
cushmed01,1890,1,TL2,AA,40,9,0.2250
dailevi01,1890,1,CL4,NL,64,41,0.6406
dailyco01,1890,1,BRP,PL,46,20,0.4348
dailyed01,1890,1,BR4,AA,91,68,0.7473
dailyed01,1890,2,NY1,NL,4,1,0.2500
dailyed01,1890,3,LS2,AA,23,24,1.0435
daleybi01,1890,1,BSP,PL,37,14,0.3784
dalyjo01,1890,1,PH4,AA,21,8,0.3810
dalyto01,1890,1,BRO,NL,82,55,0.6707
daniepe01,1890,1,PIT,NL,4,1,0.2500
darlide01,1890,1,CHP,PL,58,45,0.7759
davisge01,1890,1,CL4,NL,136,98,0.7206
davisju01,1890,1,SL4,AA,21,8,0.3810
davisju01,1890,2,BR4,AA,38,33,0.8684
daybi01,1890,1,PHI,NL,4,1,0.2500
daybi01,1890,2,PIT,NL,6,1,0.1667
dealypa01,1890,1,SR2,AA,18,9,0.5000
deckeha01,1890,1,PHI,NL,5,5,1.0000
deckeha01,1890,2,PIT,NL,92,52,0.5652
delahed01,1890,1,CLP,PL,115,107,0.9304
delanbi01,1890,1,CL4,NL,36,16,0.4444
demarfr01,1890,1,CHN,NL,1,0,0.0000
dennyje01,1890,1,NY1,NL,114,50,0.4386
dewalch01,1890,1,CLP,PL,2,1,0.5000
doefr01,1890,1,BFP,PL,1,0,0.0000
doefr01,1890,2,PTP,PL,1,0,0.0000
dolanjo01,1890,1,CIN,NL,2,0,0.0000
donneji01,1890,1,SL4,AA,11,11,1.0000
donovpa01,1890,1,BSN,NL,32,17,0.5313
donovpa01,1890,2,BRO,NL,28,17,0.6071
dorgami01,1890,1,SR2,AA,33,19,0.5758
dotyba01,1890,1,TL2,AA,1,0,0.0000
dowseto01,1890,1,CL4,NL,40,20,0.5000
doyleja01,1890,1,CL6,AA,77,47,0.6104
duffech01,1890,1,SL4,AA,98,68,0.6939
duffyhu01,1890,1,CHP,PL,138,161,1.1667
dunlafr01,1890,1,PIT,NL,17,9,0.5294
dunlafr01,1890,2,NYP,PL,1,1,1.0000
duryeje01,1890,1,CIN,NL,33,13,0.3939
duzenbi01,1890,1,BFP,PL,2,2,1.0000
dwyerfr01,1890,1,CHP,PL,16,10,0.6250
earlebi01,1890,1,SL4,AA,22,16,0.7273
earlho01,1890,1,CHN,NL,92,57,0.6196
eastehe01,1890,1,CL6,AA,58,25,0.4310
eastehe01,1890,2,PH4,AA,19,17,0.8947
eastehe01,1890,3,LS2,AA,7,2,0.2857
eastoja01,1890,1,CL6,AA,41,14,0.3415
ehretre01,1890,1,LS2,AA,43,11,0.2558
eiteled01,1890,1,CHN,NL,1,0,0.0000
elybo01,1890,1,SR2,AA,119,72,0.6050
esperdu01,1890,1,PH4,AA,18,11,0.6111
esperdu01,1890,2,PIT,NL,2,0,0.0000
esperdu01,1890,3,PHI,NL,5,2,0.4000
esterdu01,1890,1,NY1,NL,45,29,0.6444
ewingbu01,1890,1,NYP,PL,83,98,1.1807
ewingjo01,1890,1,NYP,PL,35,18,0.5143
faatzja01,1890,1,BFP,PL,32,18,0.5625
farrasi01,1890,1,PHP,PL,127,84,0.6614
farredu01,1890,1,CHP,PL,117,79,0.6752
fennefr01,1890,1,BR4,AA,45,40,0.8889
fersoal01,1890,1,BFP,PL,11,4,0.3636
fieldji01,1890,1,RC2,AA,52,30,0.5769
fieldjo01,1890,1,PTP,PL,126,101,0.8016
fitzgde01,1890,1,PH4,AA,2,0,0.0000
fitzgjo01,1890,1,RC2,AA,11,1,0.0909
fogarji01,1890,1,PHP,PL,91,71,0.7802
fordto01,1890,1,CL6,AA,1,0,0.0000
fordto01,1890,2,BR4,AA,10,1,0.1000
foremfr01,1890,1,CIN,NL,25,13,0.5200
fosteel01,1890,1,CHN,NL,27,20,0.7407
foutzda01,1890,1,BRO,NL,129,106,0.8217
francos01,1890,1,CHN,NL,1,0,0.0000
frielpa01,1890,1,SR2,AA,62,51,0.8226
fullesh01,1890,1,SL4,AA,130,118,0.9077
galvipu01,1890,1,PTP,PL,26,8,0.3077
ganzech01,1890,1,BSN,NL,38,21,0.5526
garfibi01,1890,1,CL4,NL,9,0,0.0000
gastrha01,1890,1,CL6,AA,48,18,0.3750
gerhajo01,1890,1,BR4,AA,99,34,0.3434
gerhajo01,1890,2,SL4,AA,37,15,0.4054
germale01,1890,1,BL3,AA,17,7,0.4118
gettito01,1890,1,SL4,AA,58,31,0.5345
getzich01,1890,1,BSN,NL,41,27,0.6585
gibsoro01,1890,1,CHN,NL,1,0,0.0000
gibsoro01,1890,2,PIT,NL,3,1,0.3333
gilbeha01,1890,1,PIT,NL,2,1,0.5000
gilbejo01,1890,1,PIT,NL,2,0,0.0000
gilbepe01,1890,1,BL3,AA,29,25,0.8621
gilksbo01,1890,1,CL4,NL,130,65,0.5000
gilleji01,1890,1,BFP,PL,1,0,0.0000
glassja01,1890,1,NY1,NL,124,91,0.7339
gleasbi02,1890,1,CLP,PL,1,0,0.0000
gleaski01,1890,1,PHI,NL,63,22,0.3492
glenabo01,1890,1,CHN,NL,66,43,0.6515
goodahe01,1890,1,LS2,AA,19,10,0.5263
gorege01,1890,1,NYP,PL,93,132,1.4194
grafflo01,1890,1,SR2,AA,1,0,0.0000
graych01,1890,1,PIT,NL,5,1,0.2000
grayji01,1890,1,PTP,PL,2,3,1.5000
grayji01,1890,2,PIT,NL,1,0,0.0000
greenbi01,1890,1,RC2,AA,124,76,0.6129
greened01,1890,1,PH4,AA,39,15,0.3846
greybi01,1890,1,PHI,NL,34,20,0.5882
griffmi01,1890,1,PHP,PL,115,127,1.1043
griffsa01,1890,1,RC2,AA,107,85,0.7944
grimjo01,1890,1,RC2,AA,50,30,0.6000
grubehe01,1890,1,CLP,PL,50,21,0.4200
gumbead01,1890,1,BSP,PL,44,23,0.5227
gumbebi01,1890,1,PIT,NL,10,8,0.8000
haddoge01,1890,1,BFP,PL,42,21,0.5000
hallijo01,1890,1,BFP,PL,57,28,0.4912
hallmbi01,1890,1,PHP,PL,84,59,0.7024
hambuch01,1890,1,LS2,AA,133,93,0.6992
hamilbi01,1890,1,PHI,NL,123,133,1.0813
hanlone01,1890,1,PTP,PL,118,106,0.8983
hardilo01,1890,1,BSN,NL,47,17,0.3617
harrije01,1890,1,CIN,NL,65,25,0.3846
hartbi02,1890,1,SL4,AA,27,7,0.2593
hartnpa01,1890,1,SL4,AA,14,6,0.4286
hasnepe01,1890,1,PH4,AA,2,1,0.5000
hatfigi01,1890,1,NYP,PL,71,32,0.4507
hayesja01,1890,1,BRP,PL,12,3,0.2500
haynefr01,1890,1,PIT,NL,1,0,0.0000
healyjo01,1890,1,TL2,AA,48,27,0.5625
heardch01,1890,1,PIT,NL,12,2,0.1667
heckegu01,1890,1,PIT,NL,86,43,0.5000
helmbho01,1890,1,PH4,AA,1,1,1.0000
hemmige01,1890,1,CLP,PL,3,1,0.3333
hemmige01,1890,2,BRP,PL,19,5,0.2632
hempdu01,1890,1,PIT,NL,21,9,0.4286
hempdu01,1890,2,SR2,AA,9,1,0.1111
henryjo01,1890,1,NY1,NL,37,19,0.5135
herred01,1890,1,SL4,AA,12,5,0.4167
higgibi01,1890,1,SL4,AA,67,39,0.5821
higgibi01,1890,2,SR2,AA,1,1,1.0000
hillbe01,1890,1,BL3,AA,9,3,0.3333
hinespa01,1890,1,PIT,NL,31,11,0.3548
hinespa01,1890,2,BSN,NL,69,41,0.5942
hollibu01,1890,1,CIN,NL,131,93,0.7099
honanma01,1890,1,CHN,NL,1,0,0.0000
hornujo01,1890,1,NY1,NL,120,62,0.5167
howesh01,1890,1,NY1,NL,19,4,0.2105
hoydu01,1890,1,BFP,PL,122,107,0.8770
hughemi01,1890,1,BRO,NL,9,2,0.2222
hughemi01,1890,2,PH4,AA,6,2,0.3333
hurleje01,1890,1,PTP,PL,8,5,0.6250
hustebi01,1890,1,PHP,PL,18,5,0.2778
hutchbi01,1890,1,CHN,NL,71,28,0.3944
hutched01,1890,1,CHN,NL,4,0,0.0000
irwinar01,1890,1,BSP,PL,96,60,0.6250
irwinjo01,1890,1,BFP,PL,77,62,0.8052
johnsbi01,1890,1,BL3,AA,24,15,0.6250
johnsdi01,1890,1,BSP,PL,2,0,0.0000
johnsdi01,1890,2,NYP,PL,77,37,0.4805
johnssp01,1890,1,CL6,AA,135,106,0.7852
joneshe02,1890,1,PIT,NL,5,0,0.0000
jonesmi01,1890,1,LS2,AA,3,1,0.3333
jordami01,1890,1,PIT,NL,37,8,0.2162
joycebi01,1890,1,BRP,PL,133,121,0.9098
kaneje01,1890,1,SL4,AA,8,3,0.3750
kappejo01,1890,1,PH4,AA,56,29,0.5179
keefege01,1890,1,BFP,PL,25,15,0.6000
keefejo01,1890,1,SR2,AA,43,10,0.2326
keefeti01,1890,1,NYP,PL,30,18,0.6000
keenaji01,1890,1,CIN,NL,54,21,0.3889
keffefr01,1890,1,SR2,AA,2,1,0.5000
kellyki01,1890,1,BSP,PL,89,83,0.9326
keltyjo01,1890,1,PIT,NL,59,24,0.4068
kerinjo01,1890,1,SL4,AA,18,8,0.4444
kilroma01,1890,1,BSP,PL,31,11,0.3548
kingsi01,1890,1,CHP,PL,58,24,0.4138
kinslto01,1890,1,BRP,PL,64,30,0.4688
kittrma01,1890,1,CHN,NL,96,46,0.4792
klusmbi01,1890,1,SL4,AA,15,9,0.6000
knausfr01,1890,1,CL6,AA,37,18,0.4865
knellph01,1890,1,PHP,PL,36,19,0.5278
knighjo01,1890,1,CIN,NL,127,67,0.5276
knowlji01,1890,1,RC2,AA,123,83,0.6748
knoxan01,1890,1,PH4,AA,21,6,0.2857
krockgu01,1890,1,BFP,PL,4,1,0.2500
kuehnbi01,1890,1,PTP,PL,126,66,0.5238
lacke01,1890,1,PH4,AA,1,0,0.0000
larkihe01,1890,1,CLP,PL,125,93,0.7440
laroqsa01,1890,1,PIT,NL,111,59,0.5315
lathaar01,1890,1,CHP,PL,52,47,0.9038
lathaar01,1890,2,CIN,NL,41,35,0.8537
lauerch01,1890,1,CHN,NL,2,1,0.5000
lawsoal01,1890,1,BSN,NL,1,0,0.0000
lawsoal01,1890,2,PIT,NL,2,0,0.0000
lehanmi01,1890,1,CL6,AA,140,54,0.3857
leighjo01,1890,1,SR2,AA,7,6,0.8571
lewis01,1890,1,BFP,PL,1,1,1.0000
lincoez01,1890,1,CL4,NL,15,4,0.2667
lincoez01,1890,2,SR2,AA,3,0,0.0000
longda01,1890,1,BL3,AA,21,19,0.9048
longhe01,1890,1,BSN,NL,101,95,0.9406
lovetto01,1890,1,BRO,NL,44,22,0.5000
lowebo01,1890,1,BSN,NL,52,35,0.6731
lubypa01,1890,1,CHN,NL,36,27,0.7500
lynchja01,1890,1,BR4,AA,1,2,2.0000
lyonsde01,1890,1,PH4,AA,88,79,0.8977
lyonsha01,1890,1,RC2,AA,133,83,0.6241
lyonspa01,1890,1,CL4,NL,11,2,0.1818
lyonsto01,1890,1,SR2,AA,3,3,1.0000
lytleda01,1890,1,CHN,NL,1,1,1.0000
lytleda01,1890,2,PIT,NL,15,2,0.1333
macey01,1890,1,PH4,AA,1,0,0.0000
mackco01,1890,1,BFP,PL,123,95,0.7724
mackre01,1890,1,BL3,AA,26,14,0.5385
maddeki01,1890,1,BSP,PL,13,5,0.3846
marrle01,1890,1,CIN,NL,130,91,0.7000
marsed01,1890,1,SR2,AA,16,9,0.5625
mattimi01,1890,1,BR4,AA,33,14,0.4242
maulal01,1890,1,PTP,PL,45,31,0.6889
mayered01,1890,1,PHI,NL,117,49,0.4188
maysal01,1890,1,CL6,AA,1,0,0.0000
mcaleji01,1890,1,CLP,PL,86,58,0.6744
mcbrijo01,1890,1,PH4,AA,1,0,0.0000
mccarto01,1890,1,SL4,AA,133,137,1.0301
mccaual01,1890,1,PHI,NL,112,63,0.5625
mcculch01,1890,1,BR4,AA,26,2,0.0769
mcculch01,1890,2,SR2,AA,3,1,0.3333
mcfetja01,1890,1,PHI,NL,1,0,0.0000
mcgarch01,1890,1,BSN,NL,121,68,0.5620
mcgeaja01,1890,1,BRP,PL,104,84,0.8077
mcgilwi01,1890,1,CLP,PL,24,10,0.4167
mcginfr01,1890,1,PIT,NL,1,0,0.0000
mcgucjo01,1890,1,BL3,AA,11,2,0.1818
mcguide01,1890,1,RC2,AA,87,46,0.5287
mckeaed01,1890,1,CL4,NL,136,95,0.6985
mckeoda01,1890,1,RC2,AA,62,38,0.6129
mclauba01,1890,1,SR2,AA,86,43,0.5000
mcmahsa01,1890,1,PH4,AA,49,27,0.5510
mcmahsa01,1890,2,BL3,AA,12,4,0.3333
mcmilge01,1890,1,NY1,NL,10,4,0.4000
mcphebi01,1890,1,CIN,NL,132,125,0.9470
mcquemo01,1890,1,SR2,AA,122,64,0.5246
mctamji01,1890,1,CL6,AA,125,140,1.1200
meakige01,1890,1,LS2,AA,29,6,0.2069
meekda01,1890,1,SL4,AA,4,3,0.7500
meyerhe01,1890,1,PH4,AA,5,2,0.4000
millafr01,1890,1,SL4,AA,1,0,0.0000
millebo01,1890,1,RC2,AA,15,3,0.2000
milledo01,1890,1,PIT,NL,138,85,0.6159
milledu01,1890,1,SL4,AA,26,17,0.6538
millijo01,1890,1,PHP,PL,62,38,0.6129
morried01,1890,1,PTP,PL,18,7,0.3889
morrijo01,1890,1,BSP,PL,2,1,0.5000
morrimi01,1890,1,SR2,AA,34,17,0.5000
morrimi01,1890,2,BL3,AA,4,0,0.0000
motzfr01,1890,1,PHI,NL,1,1,1.0000
mullato01,1890,1,CIN,NL,81,41,0.5062
mulvejo01,1890,1,PHP,PL,120,96,0.8000
munyajo01,1890,1,CL6,AA,2,1,0.5000
munyajo01,1890,2,SL4,AA,96,61,0.6354
murphbo01,1890,1,NY1,NL,3,0,0.0000
murphbo01,1890,2,BR4,AA,16,4,0.2500
murphco01,1890,1,BRP,PL,23,11,0.4783
murphmo01,1890,1,BSP,PL,68,38,0.5588
murphpa01,1890,1,NY1,NL,32,14,0.4375
myersal01,1890,1,PHI,NL,117,95,0.8120
nagleto01,1890,1,CHN,NL,38,21,0.5526
nashbi01,1890,1,BSP,PL,129,103,0.7984
nealejo01,1890,1,SL4,AA,11,4,0.3636
nelsoca01,1890,1,BR4,AA,60,44,0.7333
nichoki01,1890,1,BSN,NL,49,18,0.3673
nichopa01,1890,1,TL2,AA,134,78,0.5821
nichosa01,1890,1,CL6,AA,14,7,0.5000
nicolge01,1890,1,SL4,AA,3,4,1.3333
nicolhu01,1890,1,CIN,NL,50,28,0.5600
obriebi01,1890,1,BR4,AA,96,47,0.4896
obrieda01,1890,1,BRO,NL,85,78,0.9176
obrieda02,1890,1,CLP,PL,26,12,0.4615
obrieja01,1890,1,PH4,AA,109,80,0.7339
obriepe01,1890,1,CHN,NL,27,15,0.5556
obrieto01,1890,1,RC2,AA,73,36,0.4932
oconnda01,1890,1,LS2,AA,6,3,0.5000
oconnja01,1890,1,CL6,AA,121,89,0.7355
odayha01,1890,1,NYP,PL,43,24,0.5581
oneiled01,1890,1,TL2,AA,2,0,0.0000
oneiled01,1890,2,PH4,AA,10,0,0.0000
oneilti01,1890,1,CHP,PL,137,112,0.8175
orourji01,1890,1,NYP,PL,111,112,1.0090
orourmi01,1890,1,BL3,AA,8,5,0.6250
orourti01,1890,1,SR2,AA,87,48,0.5517
orourto01,1890,1,NY1,NL,2,1,0.5000
orourto01,1890,2,SR2,AA,41,16,0.3902
orrda01,1890,1,BRP,PL,107,89,0.8318
osborfr01,1890,1,PIT,NL,41,24,0.5854
pabsted01,1890,1,PH4,AA,8,7,0.8750
pabsted01,1890,2,SL4,AA,4,1,0.2500
parsoch01,1890,1,CL4,NL,2,0,0.0000
peltzjo01,1890,1,BR4,AA,98,55,0.5612
peltzjo01,1890,2,SR2,AA,5,2,0.4000
peltzjo01,1890,3,TL2,AA,20,8,0.4000
pfefffr01,1890,1,CHP,PL,124,86,0.6935
phelada01,1890,1,LS2,AA,8,4,0.5000
phillbi02,1890,1,PIT,NL,14,6,0.4286
phillma01,1890,1,RC2,AA,64,18,0.2813
pickejo01,1890,1,PHP,PL,100,82,0.8200
pinknge01,1890,1,BRO,NL,126,115,0.9127
pitzhe01,1890,1,BR4,AA,61,26,0.4262
pitzhe01,1890,2,SR2,AA,29,17,0.5862
powerji01,1890,1,BR4,AA,4,5,1.2500
powerto01,1890,1,BL3,AA,38,11,0.2895
pricebi01,1890,1,PH4,AA,1,0,0.0000
proesge01,1890,1,SR2,AA,13,11,0.8462
purcebl01,1890,1,PH4,AA,110,110,1.0000
quinnjo02,1890,1,BSP,PL,130,87,0.6692
quinnto01,1890,1,PTP,PL,55,23,0.4182
radboch01,1890,1,BSP,PL,45,20,0.4444
radfopa01,1890,1,CLP,PL,122,98,0.8033
rainejo01,1890,1,BFP,PL,42,29,0.6905
ramseto01,1890,1,SL4,AA,44,17,0.3864
rayir01,1890,1,BL3,AA,38,28,0.7368
raymoha01,1890,1,LS2,AA,123,91,0.7398
recciph01,1890,1,RC2,AA,1,0,0.0000
reillch02,1890,1,CL6,AA,137,75,0.5474
reilljo01,1890,1,CIN,NL,133,114,0.8571
rhinebi01,1890,1,CIN,NL,46,14,0.3043
richada01,1890,1,NYP,PL,123,102,0.8293
richaha01,1890,1,BSP,PL,130,126,0.9692
riddljo01,1890,1,PH4,AA,27,7,0.2593
rittefl01,1890,1,TL2,AA,1,0,0.0000
roatfr01,1890,1,PIT,NL,57,18,0.3158
robinwi01,1890,1,PH4,AA,82,32,0.3902
robinwi01,1890,2,BL3,AA,14,7,0.5000
robinya01,1890,1,PTP,PL,98,59,0.6020
rogerem01,1890,1,TL2,AA,35,18,0.5143
rosemch01,1890,1,SL4,AA,80,47,0.5875
rosemch01,1890,2,LS2,AA,2,0,0.0000
routcph01,1890,1,PIT,NL,1,1,1.0000
roweja01,1890,1,BFP,PL,125,77,0.6160
rusieam01,1890,1,NY1,NL,73,31,0.4247
ryanja01,1890,1,LS2,AA,93,43,0.4624
ryanji01,1890,1,CHP,PL,118,99,0.8390
sageha01,1890,1,TL2,AA,81,40,0.4938
salesed01,1890,1,PIT,NL,51,19,0.3725
sandebe01,1890,1,PHP,PL,52,31,0.5962
sauteal01,1890,1,PH4,AA,14,1,0.0714
scanlmo01,1890,1,NY1,NL,3,0,0.0000
schefte01,1890,1,RC2,AA,119,111,0.9328
scheifr01,1890,1,TL2,AA,134,72,0.5373
schelal01,1890,1,BSN,NL,9,1,0.1111
schmicr01,1890,1,PIT,NL,11,4,0.3636
schripo01,1890,1,PHI,NL,57,37,0.6491
seeryem01,1890,1,BRP,PL,104,78,0.7500
sewared01,1890,1,PH4,AA,26,7,0.2692
shaffor01,1890,1,PH4,AA,100,55,0.5500
shaffta01,1890,1,PH4,AA,69,28,0.4058
shannda01,1890,1,PHP,PL,19,15,0.7895
shannda01,1890,2,NYP,PL,83,59,0.7108
sharrja01,1890,1,NY1,NL,32,16,0.5000
shindbi01,1890,1,PHP,PL,132,127,0.9621
shinnti01,1890,1,LS2,AA,133,87,0.6541
shugafr01,1890,1,CHP,PL,29,8,0.2759
siefkfr01,1890,1,BR4,AA,16,1,0.0625
simonha01,1890,1,BR4,AA,89,66,0.7416
simonha01,1890,2,SR2,AA,38,33,0.8684
slattmi01,1890,1,NYP,PL,97,80,0.8247
smallwi01,1890,1,CL4,NL,136,62,0.4559
smithed01,1890,1,CL4,NL,8,2,0.2500
smithfr02,1890,1,TL2,AA,38,11,0.2895
smithge01,1890,1,BRO,NL,129,76,0.5891
smithle01,1890,1,RC2,AA,35,11,0.3143
smithph01,1890,1,PHI,NL,26,19,0.7308
smithph01,1890,2,PIT,NL,5,3,0.6000
smithpo01,1890,1,BSN,NL,134,82,0.6119
sneedjo01,1890,1,TL2,AA,9,3,0.3333
sneedjo01,1890,2,CL6,AA,128,114,0.8906
snydech01,1890,1,PH4,AA,9,5,0.5556
snydepo01,1890,1,CLP,PL,13,5,0.3846
sommejo01,1890,1,CL4,NL,9,4,0.4444
sommejo01,1890,2,BL3,AA,38,13,0.3421
sommepe01,1890,1,NY1,NL,17,4,0.2353
sommepe01,1890,2,CL4,NL,9,4,0.4444
sowdebi01,1890,1,PIT,NL,17,3,0.1765
sowdejo01,1890,1,BRP,PL,40,14,0.3500
spragch01,1890,1,TL2,AA,55,25,0.4545
staffbo01,1890,1,PH4,AA,1,0,0.0000
staffge01,1890,1,BFP,PL,15,11,0.7333
staleha01,1890,1,PTP,PL,47,25,0.5319
stallge01,1890,1,BRO,NL,4,1,0.2500
stechch01,1890,1,PH4,AA,10,3,0.3000
steined01,1890,1,CHN,NL,20,4,0.2000
stenzja01,1890,1,CHN,NL,11,3,0.2727
sterljo01,1890,1,PH4,AA,1,0,0.0000
stineha01,1890,1,PH4,AA,1,0,0.0000
stiveja01,1890,1,SL4,AA,67,36,0.5373
stockle01,1890,1,CL4,NL,2,2,1.0000
stoveha01,1890,1,BSP,PL,118,142,1.2034
stratsc01,1890,1,LS2,AA,55,29,0.5273
striccu01,1890,1,CLP,PL,127,93,0.7323
stynene01,1890,1,CLP,PL,2,0,0.0000
sullibi02,1890,1,SR2,AA,6,2,0.3333
sullima01,1890,1,BSN,NL,121,82,0.6777
sullimi02,1890,1,CHN,NL,12,1,0.0833
sundaar01,1890,1,BRP,PL,24,26,1.0833
sundabi01,1890,1,PIT,NL,86,58,0.6744
sundabi01,1890,2,PHI,NL,31,26,0.8387
sutclsy01,1890,1,CLP,PL,99,62,0.6263
swarted01,1890,1,TL2,AA,126,106,0.8413
sweenpe01,1890,1,SL4,AA,49,23,0.4694
sweenpe01,1890,2,LS2,AA,2,1,0.5000
sweenpe01,1890,3,PH4,AA,14,5,0.3571
sweigha01,1890,1,PH4,AA,1,0,0.0000
swettpo01,1890,1,BSP,PL,37,16,0.4324
taberjo01,1890,1,BSN,NL,2,1,0.5000
tatepo01,1890,1,BL3,AA,19,7,0.3684
tayloha01,1890,1,LS2,AA,134,115,0.8582
tebeage01,1890,1,TL2,AA,94,71,0.7553
tebeapa01,1890,1,CLP,PL,110,86,0.7818
tenerjo01,1890,1,PTP,PL,18,7,0.3889
terryad01,1890,1,BRO,NL,99,63,0.6364
thompsa01,1890,1,PHI,NL,132,116,0.8788
tiernmi01,1890,1,NY1,NL,133,132,0.9925
titcoca01,1890,1,RC2,AA,21,3,0.1429
tomneph01,1890,1,LS2,AA,108,72,0.6667
toolest01,1890,1,BR4,AA,6,2,0.3333
townsge01,1890,1,BL3,AA,18,6,0.3333
toyji01,1890,1,BR4,AA,44,11,0.2500
trostmi01,1890,1,SL4,AA,17,10,0.5882
truaxfr01,1890,1,PIT,NL,1,0,0.0000
tucketo01,1890,1,BSN,NL,132,104,0.7879
twitcla01,1890,1,CLP,PL,56,33,0.5893
twitcla01,1890,2,BFP,PL,44,24,0.5455
vandybi01,1890,1,TL2,AA,129,74,0.5736
vanhage01,1890,1,BRP,PL,92,84,0.9130
vaughfa01,1890,1,NYP,PL,44,27,0.6136
veachpe01,1890,1,CL4,NL,64,24,0.3750
veachpe01,1890,2,PIT,NL,8,6,0.7500
viaule01,1890,1,CIN,NL,13,2,0.1538
viaule01,1890,2,CL4,NL,13,6,0.4615
vicketo01,1890,1,PHI,NL,46,15,0.3261
virtuja01,1890,1,CL4,NL,62,39,0.6290
visnejo01,1890,1,PTP,PL,127,110,0.8661
vonfrto01,1890,1,BSN,NL,1,0,0.0000
wadswja01,1890,1,CL4,NL,20,6,0.3000
wardjo01,1890,1,BRP,PL,128,134,1.0469
weavefa01,1890,1,LS2,AA,130,101,0.7769
weckbpe01,1890,1,LS2,AA,32,17,0.5313
welchcu01,1890,1,PH4,AA,103,100,0.9709
welchcu01,1890,2,BL3,AA,19,16,0.8421
welchmi01,1890,1,NY1,NL,37,15,0.4054
welchtu01,1890,1,TL2,AA,35,15,0.4286
wellsja01,1890,1,SL4,AA,30,17,0.5667
werdepe01,1890,1,TL2,AA,128,113,0.8828
westbu01,1890,1,CL4,NL,37,20,0.5405
weyhigu01,1890,1,BRP,PL,49,21,0.4286
wheelbo01,1890,1,CL6,AA,52,24,0.4615
whistle01,1890,1,NY1,NL,45,27,0.6000
whitede01,1890,1,BFP,PL,122,62,0.5082
whitnar01,1890,1,NYP,PL,119,71,0.5966
whitnji01,1890,1,PH4,AA,7,3,0.4286
whitrbi01,1890,1,SL4,AA,16,7,0.4375
widnewi01,1890,1,CL6,AA,13,3,0.2308
willigu01,1890,1,BR4,AA,2,1,0.5000
willine01,1890,1,CHP,PL,73,34,0.4658
wilmowa01,1890,1,CHN,NL,139,114,0.8201
wilsobi01,1890,1,PIT,NL,83,30,0.3614
wisesa01,1890,1,BFP,PL,119,95,0.7983
wolfji01,1890,1,LS2,AA,134,100,0.7463
woodge01,1890,1,PHP,PL,132,115,0.8712
wrighpa01,1890,1,CHN,NL,1,0,0.0000
wrighra01,1890,1,SR2,AA,88,82,0.9318
wrighra01,1890,2,CL4,NL,13,7,0.5385
youngcy01,1890,1,CL4,NL,17,6,0.3529
younghe01,1890,1,PIT,NL,13,6,0.4615
zieglge01,1890,1,PIT,NL,1,0,0.0000
zimmech01,1890,1,CL4,NL,125,54,0.4320
albergu01,1891,1,ML3,AA,12,6,0.5000
allenbo01,1891,1,PHI,NL,118,46,0.3898
alvorbi01,1891,1,CL4,NL,13,7,0.5385
alvorbi01,1891,2,WS9,AA,81,28,0.3457
andreed01,1891,1,CN3,AA,83,47,0.5663
ansonca01,1891,1,CHN,NL,136,81,0.5956
bakelje01,1891,1,WS9,AA,13,2,0.1538
bakelje01,1891,2,BL3,AA,8,2,0.2500
baldwma01,1891,1,PIT,NL,53,11,0.2075
barrbo01,1891,1,NY1,NL,5,0,0.0000
bassech01,1891,1,NY1,NL,130,60,0.4615
bastich01,1891,1,CN3,AA,1,0,0.0000
bastich01,1891,2,PHI,NL,1,0,0.0000
beardol01,1891,1,LS2,AA,68,35,0.5147
beatied01,1891,1,CL4,NL,5,0,0.0000
becklja01,1891,1,PIT,NL,133,94,0.7068
beeched01,1891,1,WS9,AA,58,35,0.6034
beeched01,1891,2,PH4,AA,16,9,0.5625
bellch01,1891,1,LS2,AA,10,3,0.3000
bellch01,1891,2,CN3,AA,1,1,1.0000
bennech01,1891,1,BSN,NL,75,35,0.4667
bergetu01,1891,1,PIT,NL,43,15,0.3488
bierblo01,1891,1,PIT,NL,121,60,0.4959
boonege01,1891,1,LS2,AA,4,0,0.0000
bowmabi01,1891,1,CHN,NL,15,2,0.1333
bowmasu01,1891,1,PH4,AA,14,8,0.5714
boyleja01,1891,1,SL4,AA,123,78,0.6341
breitte01,1891,1,SL4,AA,6,2,0.3333
brigggr01,1891,1,LS2,AA,1,0,0.0000
brodist01,1891,1,BSN,NL,133,84,0.6316
broutda01,1891,1,BS2,AA,130,117,0.9000
brownpe01,1891,1,PIT,NL,50,35,0.7000
brownpe01,1891,2,CIN,NL,55,29,0.5273
brownto01,1891,1,BS2,AA,137,177,1.2920
brownwi01,1891,1,PHI,NL,115,62,0.5391
brynato01,1891,1,BSN,NL,1,0,0.0000
buckldi01,1891,1,NY1,NL,75,23,0.3067
buffich01,1891,1,BS2,AA,58,16,0.2759
burdoja01,1891,1,BRO,NL,3,1,0.3333
burkeed01,1891,1,ML3,AA,35,31,0.8857
burkeje01,1891,1,CL4,NL,40,29,0.7250
burkejo01,1891,1,CN3,AA,1,0,0.0000
burnsji01,1891,1,WS9,AA,20,15,0.7500
burnsoy01,1891,1,BRO,NL,123,75,0.6098
burnsto01,1891,1,CHN,NL,59,36,0.6102
burrebu01,1891,1,NY1,NL,15,1,0.0667
burreha01,1891,1,SL4,AA,9,2,0.2222
cahilto01,1891,1,LS2,AA,120,70,0.5833
calihwi01,1891,1,PH4,AA,15,6,0.4000
canavji01,1891,1,CN3,AA,101,74,0.7327
canavji01,1891,2,ML3,AA,35,33,0.9429
carnejo01,1891,1,CN3,AA,99,47,0.4747
carnejo01,1891,2,ML3,AA,31,22,0.7097
carrocl01,1891,1,CHN,NL,130,87,0.6692
carrofr01,1891,1,PIT,NL,91,55,0.6044
carseki01,1891,1,WS9,AA,61,25,0.4098
carutbo01,1891,1,BRO,NL,56,24,0.4286
cassied01,1891,1,PHI,NL,6,0,0.0000
cassied01,1891,2,WS9,AA,7,4,0.5714
chambel01,1891,1,PH4,AA,54,21,0.3889
childcu01,1891,1,CL4,NL,141,120,0.8511
clarkar01,1891,1,NY1,NL,48,17,0.3542
clarkbo01,1891,1,CIN,NL,16,2,0.1250
clarkda01,1891,1,CL6,AA,5,2,0.4000
clarkda02,1891,1,NY1,NL,5,0,0.0000
clarkjo01,1891,1,BSN,NL,55,28,0.5091
clemeja01,1891,1,PHI,NL,107,58,0.5421
cleveel01,1891,1,CL6,AA,12,12,1.0000
clinemo01,1891,1,LS2,AA,21,13,0.6190
clingbi01,1891,1,CN3,AA,1,0,0.0000
clymebi01,1891,1,PH4,AA,3,0,0.0000
collibi01,1891,1,CL4,NL,2,0,0.0000
collihu01,1891,1,BRO,NL,107,82,0.7664
comisch01,1891,1,SL4,AA,141,86,0.6099
connoro01,1891,1,NY1,NL,129,112,0.8682
cookpa01,1891,1,LS2,AA,45,21,0.4667
cookpa01,1891,2,SL4,AA,7,3,0.4286
cooneji01,1891,1,CHN,NL,118,84,0.7119
corcoto01,1891,1,PH4,AA,133,84,0.6316
corkhpo01,1891,1,PH4,AA,83,50,0.6024
corkhpo01,1891,2,CIN,NL,1,0,0.0000
corkhpo01,1891,3,PIT,NL,41,16,0.3902
cotteto01,1891,1,BS2,AA,6,1,0.1667
coughro01,1891,1,NY1,NL,8,3,0.3750
craneed01,1891,1,CN3,AA,34,13,0.3824
craneed01,1891,2,CIN,NL,15,3,0.2000
crookja01,1891,1,CL6,AA,138,110,0.7971
crossla01,1891,1,PH4,AA,110,66,0.6000
cunnibe01,1891,1,BL3,AA,31,17,0.5484
curtier01,1891,1,CIN,NL,27,11,0.4074
curtier01,1891,2,WS9,AA,29,17,0.5862
dahlebi01,1891,1,CHN,NL,135,114,0.8444
dailyco01,1891,1,BRO,NL,60,25,0.4167
dailyed01,1891,1,LS2,AA,22,10,0.4545
dailyed01,1891,2,WS9,AA,21,13,0.6190
daleybi01,1891,1,BS2,AA,20,5,0.2500
dalryab01,1891,1,ML3,AA,32,31,0.9688
dalyjo01,1891,1,CL4,NL,1,0,0.0000
dalyto01,1891,1,BRO,NL,58,29,0.5000
darlide01,1891,1,SL4,AA,17,9,0.5294
darraja01,1891,1,LS2,AA,1,0,0.0000
daviege01,1891,1,ML3,AA,12,5,0.4167
davisge01,1891,1,CL4,NL,136,115,0.8456
davisju01,1891,1,WS9,AA,12,7,0.5833
delahed01,1891,1,PHI,NL,128,92,0.7188
dennyje01,1891,1,NY1,NL,4,0,0.0000
dennyje01,1891,2,CL4,NL,36,17,0.4722
dennyje01,1891,3,PHI,NL,19,5,0.2632
dolanjo01,1891,1,CL6,AA,28,6,0.2143
donahji01,1891,1,CL6,AA,77,27,0.3506
donahti01,1891,1,BS2,AA,4,0,0.0000
donneji01,1891,1,CL6,AA,17,6,0.3529
donohjo01,1891,1,PHI,NL,6,2,0.3333
donovpa01,1891,1,LS2,AA,105,73,0.6952
donovpa01,1891,2,WS9,AA,17,9,0.5294
doranjo01,1891,1,LS2,AA,15,5,0.3333
dowdto01,1891,1,BS2,AA,4,1,0.2500
dowdto01,1891,2,WS9,AA,112,66,0.5893
dowseto01,1891,1,CL6,AA,55,24,0.4364
doyleja01,1891,1,CL4,NL,69,43,0.6232
duffech01,1891,1,CL6,AA,137,86,0.6277
duffyhu01,1891,1,BS2,AA,127,134,1.0551
dukema01,1891,1,WS9,AA,4,0,0.0000
dunlafr01,1891,1,WS9,AA,8,4,0.5000
dunnian01,1891,1,NY1,NL,1,0,0.0000
duryeje01,1891,1,CIN,NL,10,0,0.0000
duryeje01,1891,2,SL4,AA,3,3,1.0000
dwyerfr01,1891,1,CN3,AA,37,24,0.6486
dwyerfr01,1891,2,ML3,AA,11,1,0.0909
eaganbi01,1891,1,SL4,AA,83,49,0.5904
earlho01,1891,1,ML3,AA,31,21,0.6774
eastoja01,1891,1,CL6,AA,20,11,0.5500
eastoja01,1891,2,SL4,AA,9,5,0.5556
eastoja01,1891,3,CL6,AA,4,0,0.0000
ehretre01,1891,1,LS2,AA,26,9,0.3462
eiteled01,1891,1,WS9,AA,8,3,0.3750
elybo01,1891,1,BRO,NL,31,9,0.2903
esperdu01,1891,1,PHI,NL,39,18,0.4615
esterdu01,1891,1,BRO,NL,3,1,0.3333
ewingbu01,1891,1,NY1,NL,14,8,0.5714
ewingjo01,1891,1,NY1,NL,33,10,0.3030
farredu01,1891,1,BS2,AA,122,108,0.8852
fieldjo01,1891,1,PIT,NL,23,10,0.4348
fieldjo01,1891,2,PHI,NL,8,4,0.5000
fitzgjo02,1891,1,BS2,AA,6,0,0.0000
fitzgwa01,1891,1,LS2,AA,34,15,0.4412
flynnmi01,1891,1,BS2,AA,1,0,0.0000
foremfr01,1891,1,CIN,NL,1,0,0.0000
foremfr01,1891,2,WS9,AA,50,26,0.5200
fosteel01,1891,1,CHN,NL,4,3,0.7500
foutzda01,1891,1,BRO,NL,130,87,0.6692
foxpa01,1891,1,LS2,AA,6,1,0.1667
freembu01,1891,1,WS9,AA,5,1,0.2000
frielpa01,1891,1,PH4,AA,2,2,1.0000
fulleha01,1891,1,SL4,AA,1,0,0.0000
fullesh01,1891,1,SL4,AA,137,107,0.7810
galvipu01,1891,1,PIT,NL,33,11,0.3333
ganzech01,1891,1,BSN,NL,70,33,0.4714
gastrha01,1891,1,CL6,AA,35,11,0.3143
gerhajo01,1891,1,LS2,AA,2,0,0.0000
getzich01,1891,1,BSN,NL,14,4,0.2857
getzich01,1891,2,CL4,NL,1,0,0.0000
gilbepe01,1891,1,BL3,AA,139,81,0.5827
glassja01,1891,1,NY1,NL,97,46,0.4742
gleaski01,1891,1,PHI,NL,65,31,0.4769
gorege01,1891,1,NY1,NL,130,103,0.7923
gormljo01,1891,1,PHI,NL,1,0,0.0000
graulle01,1891,1,PHI,NL,7,2,0.2857
greybi01,1891,1,PHI,NL,23,11,0.4783
griffcl01,1891,1,SL4,AA,27,11,0.4074
griffcl01,1891,2,BS2,AA,10,6,0.6000
griffmi01,1891,1,BRO,NL,134,106,0.7910
griffsa01,1891,1,WS9,AA,20,15,0.7500
grimjo01,1891,1,ML3,AA,29,14,0.4828
grubehe01,1891,1,CL4,NL,46,17,0.3696
gumbead01,1891,1,CHN,NL,34,18,0.5294
haddoge01,1891,1,BS2,AA,58,30,0.5172
hallijo01,1891,1,CIN,NL,61,43,0.7049
hallmbi01,1891,1,PH4,AA,141,112,0.7943
hamilbi01,1891,1,PHI,NL,133,141,1.0602
hanlone01,1891,1,PIT,NL,119,87,0.7311
hardilo01,1891,1,BL3,AA,15,7,0.4667
harrije01,1891,1,CIN,NL,92,25,0.2717
hartto01,1891,1,WS9,AA,8,1,0.1250
hatfigi01,1891,1,WS9,AA,134,83,0.6194
healyjo01,1891,1,BL3,AA,23,4,0.1739
hemmige01,1891,1,BRO,NL,27,11,0.4074
hinespa01,1891,1,WS9,AA,54,25,0.4630
hollibu01,1891,1,CIN,NL,111,74,0.6667
honanma01,1891,1,CHN,NL,5,1,0.2000
hoydu01,1891,1,SL4,AA,141,136,0.9645
hugheji01,1891,1,ML3,AA,2,0,0.0000
hurleje01,1891,1,CN3,AA,24,10,0.4167
hutchbi01,1891,1,CHN,NL,67,27,0.4030
inksbe01,1891,1,BRO,NL,13,3,0.2308
irwinar01,1891,1,BS2,AA,6,1,0.1667
irwinjo01,1891,1,BS2,AA,19,6,0.3158
irwinjo01,1891,2,LS2,AA,14,7,0.5000
jennihu01,1891,1,LS2,AA,90,53,0.5889
johnsbi01,1891,1,BL3,AA,129,101,0.7829
johnsdi01,1891,1,CN3,AA,99,59,0.5960
johnssp01,1891,1,CL4,NL,80,49,0.6125
joycebi01,1891,1,BS2,AA,65,76,1.1692
keefege01,1891,1,WS9,AA,5,1,0.2000
keefeti01,1891,1,NY1,NL,8,2,0.2500
keefeti01,1891,2,PHI,NL,11,0,0.0000
keenaji01,1891,1,CIN,NL,75,30,0.4000
keenaki01,1891,1,CN3,AA,1,1,1.0000
kellejo01,1891,1,BSN,NL,12,7,0.5833
kellyki01,1891,1,CN3,AA,82,56,0.6829
kellyki01,1891,2,BS2,AA,4,2,0.5000
kellyki01,1891,3,BSN,NL,16,7,0.4375
kileyjo01,1891,1,BSN,NL,1,0,0.0000
killefr01,1891,1,ML3,AA,11,8,0.7273
killehe01,1891,1,CL4,NL,1,0,0.0000
kilroma01,1891,1,CN3,AA,8,2,0.2500
kilromi01,1891,1,PHI,NL,3,1,0.3333
kingsi01,1891,1,PIT,NL,49,12,0.2449
kinslto01,1891,1,BRO,NL,61,22,0.3607
kittrma01,1891,1,CHN,NL,79,26,0.3291
klingbi01,1891,1,PHI,NL,13,3,0.2308
knausfr01,1891,1,CL4,NL,3,1,0.3333
knellph01,1891,1,CL6,AA,66,25,0.3788
kuehnbi01,1891,1,CL6,AA,68,32,0.4706
kuehnbi01,1891,2,LS2,AA,41,28,0.6829
lakefr01,1891,1,BSN,NL,5,1,0.2000
lallyda01,1891,1,PIT,NL,41,24,0.5854
larkihe01,1891,1,PH4,AA,133,94,0.7068
laroqsa01,1891,1,PIT,NL,1,0,0.0000
laroqsa01,1891,2,LS2,AA,10,6,0.6000
lathaar01,1891,1,CIN,NL,135,119,0.8815
lehanmi01,1891,1,CL6,AA,137,59,0.4307
leipeja01,1891,1,CL6,AA,6,2,0.3333
letchto01,1891,1,ML3,AA,6,3,0.5000
lohmape01,1891,1,WS9,AA,32,18,0.5625
longhe01,1891,1,BSN,NL,139,129,0.9281
longji01,1891,1,LS2,AA,6,5,0.8333
lovetto01,1891,1,BRO,NL,44,14,0.3182
lowebo01,1891,1,BSN,NL,125,92,0.7360
lubypa01,1891,1,CHN,NL,32,19,0.5938
lyonsde01,1891,1,SL4,AA,120,124,1.0333
lystobi01,1891,1,CL6,AA,1,0,0.0000
maceji01,1891,1,WS9,AA,3,0,0.0000
mackco01,1891,1,PIT,NL,75,43,0.5733
maddeki01,1891,1,BS2,AA,1,0,0.0000
maddeki01,1891,2,BL3,AA,38,18,0.4737
mainswi01,1891,1,CN3,AA,31,14,0.4516
mainswi01,1891,2,ML3,AA,2,0,0.0000
marrle01,1891,1,CIN,NL,72,32,0.4444
marrle01,1891,2,CN3,AA,14,9,0.6429
matthbo01,1891,1,PH4,AA,1,1,1.0000
maulal01,1891,1,PIT,NL,47,15,0.3191
mayered01,1891,1,PHI,NL,68,24,0.3529
mcaleji01,1891,1,CL4,NL,136,97,0.7132
mccarto01,1891,1,SL4,AA,136,127,0.9338
mccaual01,1891,1,WS9,AA,59,36,0.6102
mcgeaja01,1891,1,PH4,AA,50,24,0.4800
mcgeaja01,1891,2,BS2,AA,41,26,0.6341
mcgilwi01,1891,1,CN3,AA,8,4,0.5000
mcgilwi01,1891,2,SL4,AA,35,14,0.4000
mcgrajo01,1891,1,BL3,AA,33,17,0.5152
mcguide01,1891,1,WS9,AA,114,55,0.4825
mckeaed01,1891,1,CL4,NL,141,115,0.8156
mckeoda01,1891,1,PH4,AA,15,4,0.2667
mclauto01,1891,1,WS9,AA,14,9,0.6429
mcmahsa01,1891,1,BL3,AA,61,31,0.5082
mcphebi01,1891,1,CIN,NL,138,107,0.7754
mcquama01,1891,1,SL4,AA,4,1,0.2500
mcquemo01,1891,1,WS9,AA,68,40,0.5882
mcswepa01,1891,1,SL4,AA,3,2,0.6667
mctamji01,1891,1,CL6,AA,81,59,0.7284
mctamji01,1891,2,PH4,AA,58,57,0.9828
meakige01,1891,1,PH4,AA,6,2,0.3333
meekijo01,1891,1,LS2,AA,33,14,0.4242
merribi01,1891,1,CHN,NL,11,4,0.3636
millebo01,1891,1,WS9,AA,7,1,0.1429
milledo01,1891,1,PIT,NL,135,80,0.5926
millijo01,1891,1,PH4,AA,118,75,0.6356
morelha01,1891,1,PHI,NL,4,1,0.2500
mullato01,1891,1,CIN,NL,64,16,0.2500
mulvejo01,1891,1,PH4,AA,113,62,0.5487
munyajo01,1891,1,SL4,AA,62,44,0.7097
murphla01,1891,1,WS9,AA,101,73,0.7228
murphmo01,1891,1,BS2,AA,106,60,0.5660
murrami01,1891,1,WS9,AA,2,0,0.0000
myersal01,1891,1,PHI,NL,135,67,0.4963
nagleto01,1891,1,CHN,NL,8,3,0.3750
nashbi01,1891,1,BSN,NL,140,92,0.6571
nealejo01,1891,1,SL4,AA,15,6,0.4000
neweljo01,1891,1,PIT,NL,5,1,0.2000
nichoki01,1891,1,BSN,NL,52,21,0.4038
nicolge01,1891,1,CHN,NL,3,0,0.0000
obrieda01,1891,1,BRO,NL,103,79,0.7670
obrieda02,1891,1,BS2,AA,41,19,0.4634
obriejo02,1891,1,BRO,NL,43,22,0.5116
oconnja01,1891,1,CL6,AA,56,28,0.5000
oconnjo01,1891,1,BL3,AA,8,2,0.2500
oneilti01,1891,1,SL4,AA,129,112,0.8682
orourji01,1891,1,NY1,NL,136,92,0.6765
orourti01,1891,1,CL6,AA,34,22,0.6471
pettepa01,1891,1,LS2,AA,2,1,0.5000
pettibo01,1891,1,ML3,AA,21,10,0.4762
pfefffr01,1891,1,CHN,NL,137,93,0.6788
pinknge01,1891,1,BRO,NL,135,80,0.5926
plockwa01,1891,1,PHI,NL,2,2,1.0000
quarlbi01,1891,1,WS9,AA,3,0,0.0000
quinlfr01,1891,1,BS2,AA,2,0,0.0000
quinnjo02,1891,1,BSN,NL,124,70,0.5645
radboch01,1891,1,CIN,NL,29,11,0.3793
radfopa01,1891,1,BS2,AA,133,102,0.7669
rayir01,1891,1,BL3,AA,103,72,0.6990
raymoha01,1891,1,LS2,AA,14,4,0.2857
reedeni01,1891,1,LS2,AA,1,0,0.0000
reillch02,1891,1,PIT,NL,114,43,0.3772
reilljo01,1891,1,CIN,NL,135,60,0.4444
rettgge01,1891,1,SL4,AA,15,5,0.3333
rhinebi01,1891,1,CIN,NL,48,10,0.2083
richada01,1891,1,NY1,NL,123,85,0.6911
richaha01,1891,1,BS2,AA,74,45,0.6081
ricksjo01,1891,1,SL4,AA,5,3,0.6000
robinwi01,1891,1,BL3,AA,93,25,0.2688
robinya01,1891,1,CN3,AA,97,48,0.4948
robinya01,1891,2,SL4,AA,1,0,0.0000
rooksge01,1891,1,BSN,NL,5,1,0.2000
rusieam01,1891,1,NY1,NL,62,30,0.4839
ryancy01,1891,1,BSN,NL,1,0,0.0000
ryanja01,1891,1,LS2,AA,75,24,0.3200
ryanji01,1891,1,CHN,NL,118,110,0.9322
sandebe01,1891,1,PH4,AA,40,24,0.6000
sayloph01,1891,1,PHI,NL,1,0,0.0000
schelal01,1891,1,LS2,AA,7,4,0.5714
schripo01,1891,1,CHN,NL,27,15,0.5556
schuljo01,1891,1,PHI,NL,6,3,0.5000
schuljo02,1891,1,SL4,AA,1,0,0.0000
seeryem01,1891,1,CN3,AA,97,77,0.7938
sewared01,1891,1,CL4,NL,7,2,0.2857
shannda01,1891,1,WS9,AA,19,7,0.3684
sharrja01,1891,1,NY1,NL,10,5,0.5000
shearjo01,1891,1,CL4,NL,30,10,0.3333
shindbi01,1891,1,PHI,NL,103,68,0.6602
shinnti01,1891,1,LS2,AA,128,79,0.6172
shochge01,1891,1,ML3,AA,34,29,0.8529
shugafr01,1891,1,PIT,NL,75,57,0.7600
slagljo01,1891,1,CN3,AA,1,0,0.0000
slattmi01,1891,1,CIN,NL,41,24,0.5854
slattmi01,1891,2,WS9,AA,15,8,0.5333
smallwi01,1891,1,WS9,AA,11,5,0.4545
smithge01,1891,1,CIN,NL,138,50,0.3623
smithph01,1891,1,PHI,NL,3,0,0.0000
smithpo01,1891,1,WS9,AA,27,13,0.4815
sneedjo01,1891,1,CL6,AA,99,66,0.6667
snydepo01,1891,1,WS9,AA,8,4,0.5000
spurned01,1891,1,PIT,NL,3,2,0.6667
staleha01,1891,1,PIT,NL,9,4,0.4444
staleha01,1891,2,BSN,NL,31,7,0.2258
steined01,1891,1,CHN,NL,14,4,0.2857
stephcl01,1891,1,CIN,NL,1,0,0.0000
stiveja01,1891,1,SL4,AA,85,45,0.5294
stoveha01,1891,1,BSN,NL,134,118,0.8806
stratsc01,1891,1,PIT,NL,2,1,0.5000
stratsc01,1891,2,LS2,AA,34,9,0.2647
striccu01,1891,1,BS2,AA,139,96,0.6906
sulliji01,1891,1,BSN,NL,1,0,0.0000
sulliji01,1891,2,CL6,AA,1,0,0.0000
sullima01,1891,1,BSN,NL,17,15,0.8824
sullima01,1891,2,CL4,NL,1,0,0.0000
sullimi02,1891,1,PH4,AA,2,0,0.0000
sullimi02,1891,2,NY1,NL,3,3,1.0000
sutclsy01,1891,1,WS9,AA,53,29,0.5472
tayloha01,1891,1,LS2,AA,93,81,0.8710
tayloja01,1891,1,NY1,NL,1,0,0.0000
tebeapa01,1891,1,CL4,NL,61,38,0.6230
terryad01,1891,1,BRO,NL,30,10,0.3333
thompsa01,1891,1,PHI,NL,133,108,0.8120
thornjo01,1891,1,PHI,NL,39,7,0.1795
tiernmi01,1891,1,NY1,NL,134,111,0.8284
townsge01,1891,1,BL3,AA,61,29,0.4754
tucketo01,1891,1,BSN,NL,140,103,0.7357
twitcla01,1891,1,CL6,AA,57,32,0.5614
vanhage01,1891,1,BL3,AA,139,136,0.9784
vaughfa01,1891,1,CN3,AA,51,21,0.4118
vaughfa01,1891,2,ML3,AA,25,13,0.5200
viaule01,1891,1,CL4,NL,45,15,0.3333
vicketo01,1891,1,CHN,NL,14,3,0.2143
virtuja01,1891,1,CL4,NL,139,82,0.5899
visnejo01,1891,1,WS9,AA,18,13,0.7222
visnejo01,1891,2,SL4,AA,6,2,0.3333
walshjo01,1891,1,BL3,AA,26,14,0.5385
wardjo01,1891,1,BRO,NL,105,85,0.8095
wardpi01,1891,1,PIT,NL,6,3,0.5000
weavefa01,1891,1,LS2,AA,135,76,0.5630
welchcu01,1891,1,BL3,AA,132,122,0.9242
welchmi01,1891,1,NY1,NL,22,4,0.1818
wentzja01,1891,1,LS2,AA,1,0,0.0000
werdepe01,1891,1,BL3,AA,139,102,0.7338
weyhigu01,1891,1,PH4,AA,54,11,0.2037
wheelbo01,1891,1,CL6,AA,136,82,0.6029
whistle01,1891,1,NY1,NL,72,39,0.5417
whitnar01,1891,1,CN3,AA,93,42,0.4516
whitnar01,1891,2,SL4,AA,3,0,0.0000
widnewi01,1891,1,CN3,AA,1,0,0.0000
wilmowa01,1891,1,CHN,NL,121,102,0.8430
wisesa01,1891,1,BL3,AA,103,70,0.6796
wolfji01,1891,1,LS2,AA,138,67,0.4855
woodge01,1891,1,PH4,AA,132,105,0.7955
youngcy01,1891,1,CL4,NL,55,23,0.4182
ziesbi01,1891,1,SL4,AA,2,0,0.0000
zimmech01,1891,1,CL4,NL,116,55,0.4741
